Publication,Corallivore_Weffect,Corallivore_family,Corallivore_genus,Corallivore_phylum,Treatment,Treatment_simple,Treat_response,Treat_n,Control_response,Control_n,Manip_notes,Disease_specific,Disease_general,Notes,Coral,Region,,,
Sussman et al. 2003,Hermodice carunculata,Amphinomidae,Hermodice,Annelida,V.shiloi_infected,Corallivore_inoculation,6,6,0,10,Confusing because also tested whether an uninfected worm could transfer disease and that happened in 1 of 6 (12 really..) treatments… So not sure how to pull which numbers,Bleaching,Bleaching,"Experimentation = Increased means the experiment showed the corallivore INCREASING disease, whereas the correlation means the corallivore was just positively correlated to disease (could be attracted to it or could be causing it)--these two things are combined in the ""Effect"" column, which is why we went back and split them up",Oculina patagonica,"Mediterranean Sea, 50 km north of Tel Aviv",,,
Sussman et al. 2003,Hermodice carunculata,Amphinomidae,Hermodice,Annelida,Corallivore_noinfection,Corallivore_noManip,1,5,0,10,No intentional infection,Bleaching,Bleaching,,,,,,
Sussman et al. 2003,Hermodice carunculata,Amphinomidae,Hermodice,Annelida,V.mediterranei_infected,V.mediterranei_infected,0,2,0,10,,Bleaching,Bleaching,,,,,,
Williams and Miller 2005,Coralliophila abbreviata,Muricidae,Coralliophila,Mollusca,Fed_diseased,Corallivore_inoculation,7,13,0,10,"Since the ""control"" they use in Table 2 is actually snails that fed on healthy corals, these ""controls"" are the nubbins that were outplanted but without snails (Exp III: Indirect contact)",White pox/Acroporid serratiosis (APS)--probably,White,,Acropora cervicornis and Acropora palmata,"Key Largo, Florida",,,
Williams and Miller 2005,Coralliophila abbreviata,Muricidae,Coralliophila,Mollusca,Corallivore_noinfection,Corallivore_noManip,0,6,0,10,Fed healthy coral,White pox/Acroporid serratiosis (APS)--probably,White,,,,,,
Dalton and Godwin 2006,Phestilla sp.,Trinchesiidae,Phestilla,Mollusca,Fed_diseased,Corallivore_inoculation,4,6,NA,NA,No control--picked corallivores that had been feeding on diseased corals,Australian subtropical white syndrome (noted in Dalton et al. 2010),White,,Turbinaria mensenterina,Australia,,,
Aeby and Santavy 2006,Wounding,Wounding,,,Wounding,Wounding,12,12,0,12,"Response was P. corallyticum penetrating into coral tissue (""Invaded""). See Table 1",Australian subtropical white syndrome (noted in Dalton et al. 2010),BBD,,,,,,
Aeby and Santavy 2006,Chaetodon capistratus ,Chaetodontidae,Chaetodon,Chordata,Corallivore_noinfection,Corallivore_noManip,7,8,0,8,Caging didn't have an effect (6 of 8 caged fragments were infected),Black-band disease,BBD,,Montastraea faveolata,Florida Keys,,,
Aeby and Santavy 2006,Chaetodon capistratus ,Chaetodontidae,,,Corallivore_nobite,Corallivore_nobite,6,8,0,8,When the nubbins were caged (fecal transmiaaion),Black-band disease,BBD,,,,,,
Gignoux-Wolfsohn et al. 2012,Wounding,Wounding,,,Wounding,Wounding,1,9,0,10,"IMPORTANT: Here I'm saying the ""control"" are the corals that had snails with no bites--closest thing to a control but not sure exaclty what the balance is here",White band disease,White,,,,,,
Gignoux-Wolfsohn et al. 2012,Wounding_inoculation,Wounding_inoculation,,,Wounding_inoculation,Wounding_inoculation,6,15,0,15,,White band disease,White,,,,,,
Gignoux-Wolfsohn et al. 2012,Coralliophila abbreviata,Muricidae,Coralliophila,Mollusca,Corallivore_nobite,Corallivore_nobite,0,2,NA,NA,This is for where corals had snails but they didn't bite.. But I used these figures for control so probably not valid here also?,White band disease,White,Coralliophila caribaea did not cause disease,Acropora cervicornis,"Cayo Corales, Bocas Del Toro, Panama",,,
Gignoux-Wolfsohn et al. 2013,Coralliophila abbreviata,Muricidae,,,Corallivore_noinfection,Corallivore_noManip,7,13,0,10,Fed healthy coral--have decided to **LUMP THIS WITH STARVED**! As long as they weren't intentionally fed diseased corals,White band disease,White,,,,,,
Gignoux-Wolfsohn et al. 2013,Coralliophila abbreviata,Muricidae,,,Fed_diseased,Corallivore_inoculation,2,6,0,10,,White band disease,White,,,,,,
Gignoux-Wolfsohn et al. 2014,Coralliophila caribea,Muricidae,Coralliophila,Mollusca,Corallivore_nobite,Corallivore_nobite,0,8,NA,NA,,White band disease,White,,Acropora cervicornis,"Cayo Corales, Bocas Del Toro, Panama",,,
Gignoux-Wolfsohn et al. 2015,Coralliophila caribea,Muricidae,,,Corallivore_noinfection,Corallivore_noManip,0,3,0,10,,White band disease,White,,,,,,
Gignoux-Wolfsohn et al. 2014,Coralliophila caribea,Muricidae,,,Fed_diseased,Corallivore_inoculation,0,4,0,10,,White band disease,White,,,,,,
Antonius 1977,Hermodice carunculata,Amphinomidae,Hermodice,Annelida,NA,NA,NA,NA,NA,NA,No data to use,Shut down reaction,White,,"Acropora palmata, Acropora cervicornis, Montastrea annularis, Siderastrea siderea, Dichocoenia stokesi, Solenastrea hyades",Florida Keys,,,
Aeby 1992,Chaetodon multicinctus,Chaetodontidae,Chaetodon,Chordata,NA,NA,NA,NA,NA,NA,"This is tricky--although it did decrease disease, it's not the same as when they start with a healthy coral and see who gets infected..",Trematodiasis,Trematodiasis,"Maybe make a separate figure for organisms observed to have a preference for disease fronts? Also didn't include Chaetodon trifasciatus, C. auriga, and C. lunula because they weren't observed to feed on the front (were just in the area of caging/likely to have consumed trematodes); Given that the uncaged had fewer infected polyps it's probably all of the Chaetodon so good to group by family",Porites compressa,"Kaneohe Bay, Oahu, Hawai'i",,,
Aeby 1998,Chaetodon multicinctus,Chaetodontidae,Chaetodon,Chordata,NA,NA,NA,NA,NA,NA,,Trematodiasis,Trematodiasis,Didn't include that it increased disease because only found the trematodes inside (reservoir),Porites compressa,"Kaneohe Bay, Oahu, Hawai'i",,,
Aeby 2002,Chaetodon multicinctus,Chaetodontidae,Chaetodon,Chordata,NA,NA,NA,NA,NA,NA,,Trematodiasis,Trematodiasis,Reservoir; didn't really look at effect of butterflyfish on coral disease--more on how butterflyfish can harbor the trematode,Porites compressa,"Kaneohe Bay, Oahu, Hawai'i",,,
Vargas-Ángel et al. 2003,Hermodice carunculata,Amphinomidae,Hermodice,Annelida,NA,NA,NA,NA,NA,NA,,"White band disease, type I",White,Positive correation with WBD,Acropora cervicornis,"Fort Lauderdale, Florida",,,
Sutherland et al. 2011,Coralliophila abbreviata,Muricidae,Coralliophila,Mollusca,Isolate_from_corallivore,Isolate_from_corallivore,1,3,0,3,,White pox/Acroporid serratiosis (APS),White,Reservoir,Acropora palmata,"Summerland Key, Florida",,,
Rypien and Baker 2009,Cyphoma gibbosum,Ovulidae,Cyphoma,Mollusca,NA,NA,NA,NA,NA,NA,,Aspergillosis,Aspergillosis,Reservoir/vetor--don't study the correlation or cause of it wrt corals (more about vector potential),Octocorals generally,"North Norman's Reef, Bahamas and Key Largo, Florida",,,
Nicolet et al. 2013,Drupella spp.,Muricidae,Drupella,Mollusca,Fed_diseased,Corallivore_inoculation,5,12,0,4,"Not fed exactly, but collected from diseased colonies which I think counts",Brown band disease,BrB,Is a reservoir because showed that it wasn't wounding alone--could carry the pathogen (need to either claim that they establish it as a reservoir or as a vector)--would want to change this if it's molecular (putting the maybe for now),,,,,
Nicolet et al. 2013,Chromis viridis,Pomacentridae,Chromis,Chordata,Fed_diseased,Corallivore_inoculation,0,6,0,6,,Brown band disease,,,,,,,
Nicolet et al. 2013,Pomacentrus moluccensis,Pomacentridae,Pomacentrus,Chordata,Fed_diseased,Corallivore_inoculation,0,6,0,6,,Brown band disease,BrB,,,,,,
Nicolet et al. 2013,Halichoeres melanurus,Labridae,Halichoeres,Chordata,NA,NA,NA,NA,NA,NA,,Brown band disease,BrB,,,,,,
Nicolet et al. 2013,Ecsenius sp,Blenniidae,Ecsenius,Chordata,NA,NA,NA,NA,NA,NA,,Brown band disease,BrB,,,,,,
Nicolet et al. 2013,Chromis nitida,Pomacentridae,Chromis,Chordata,NA,NA,NA,NA,NA,NA,,Brown band disease,BrB,,,,,,
Nicolet et al. 2013,Bryaninops erythrops,Gobiidae,Bryaninops,Chordata,NA,NA,NA,NA,NA,NA,,Brown band disease,BrB,,,,,,
Nicolet et al. 2013,Wounding,Wounding,,,Wounding,Wounding,1,4,0,4,,Brown band disease,BrB,,,,,,
Nicolet et al. 2013,Chaetodon aureofasciatus,Chaetodontidae,Chaetodon,Chordata,Fed_diseased,Corallivore_inoculation,0,6,0,6,,Brown band disease,BrB,"Fed on diseased bands, but not necessarily preferentially? Said: ""were observed to feed directly on disease bands""",Acropora muricata,"Orpheus Island, GBR",,,
Clemens and Brandt 2015,Coralliophila abbreviata,Muricidae,Coralliophila,Mollusca,Fed_diseased,Corallivore_inoculation,1,9,0,6,"See Table 1. Control is actually different than filtered (filtered is filtering diseased water, but they say that ""disease signs… were never transmitted in any control treatment"". Technically for this they used controls of a corallivore fed healthy coral but I'm going to break it up and use the controls from the other experiment (waterborne healthy coral) as controls for these and treatments as corallivore application ",White plague,White,H. carunculata not shown to have an effect; C. abbreviata had no more effect than just seawater but a bigger effect than control,Orbicella annularis,"St. Thomas, USVI",,,
Clemens and Brandt 2015,Coralliophila abbreviata,Muricidae,,,Corallivore_noinfection,Corallivore_noManip,0,3,0,6,,White plague,White,,,,,,
Clemens and Brandt 2015,Hermodice carunculata,Amphinomidae,Hermodice,Annelida,Fed_diseased,Corallivore_inoculation,0,9,0,6,,White plague,White,,,,,,
Clemens and Brandt 2015,Hermodice carunculata,Amphinomidae,,,Corallivore_noinfection,Corallivore_noManip,0,3,0,6,,White plague,White,,,,,,
Pratte and Richardson 2016,Cryptochiridae,Cryptochiridae,Cryptochiridae,Arthropoda,Fed_diseased,Corallivore_inoculation,3,3,0,2,"I think they kept the crab with the infected fragment, although they don't say they fed it that explicity",White plague-like disease,White,This could be reservoir-like if we choose to exapnd the definition,Diploria labyrinthiformis and Pseudodiploria strigosa (used in experiment),Florida Keys,,,
Pratte and Richardson 2016,Cryptochiridae,Cryptochiridae,,,Corallivore_nobite,Corallivore_nobite,3,3,0,2,,White plague-like disease,White,,,,,,
Nicolet et al. 2018 (Sci Rep),Drupella spp.,Muricidae,Drupella,Mollusca,Fed_diseased,Corallivore_inoculation,3,8,0,8,"Didn't include the ""12-hr delay"" or the ""24-hr delay"" treatments",Brown band disease,BrB,Here they say these results suggest COULD ACT AS A RESERVOIR!!,Acropora muricata,"Lizard Island, Australia",,,
Nicolet et al. 2018 (Sci Rep),Wounding,Wounding,,,Wounding,Wounding,0,8,0,8,,Brown band disease,BrB,,,,,,
Nicolet et al. 2018 (Sci Rep),Wounding,Wounding,,,Wounding,Wounding,0,6,0,6,,Black-band disease,BBD,,,,,,
Nicolet et al. 2018 (Sci Rep),Drupella spp.,Muricidae,Drupella,Mollusca,Fed_diseased,Corallivore_inoculation,0,6,0,6,,Black-band disease,BBD,,,,,,
Nicolet et al. 2018 (Sci Rep),Chaetodon plebius,Chaetodontidae,,,Corallivore_nobite,Corallivore_nobite,0,10,0,5,Double replicated the fish treatments vs. control,Brown band disease,BrB,,,,,,
Nicolet et al. 2018 (Sci Rep),Chaetodon plebius,Chaetodontidae,,,Corallivore_nobite,Corallivore_nobite,0,14,0,7,,Black-band disease,BBD,,,,,,
Nicolet et al. 2018 (Sci Rep),Chaetodon plebius,Chaetodontidae,Chaetodon,Chordata,Fed_diseased,Corallivore_inoculation,0,10,0,5,,Brown band disease,BrB,,,,,,
Nicolet et al. 2018 (Sci Rep),Chaetodon plebius,Chaetodontidae,Chaetodon,Chordata,Fed_diseased,Corallivore_inoculation,0,14,0,7,,Black-band disease,BBD,,,,,,
Nicolet et al. 2018 (MEPS),Chaetodon plebius,Chaetodontidae,Chaetodon,Chordata,NA,NA,NA,NA,NA,NA,Didn't include data on which nubbins became infected!!! Only lesion progression rates! ,Black-band disease,BBD,Didn't look at fishes individually,,,,,
Nicolet et al. 2018 (MEPS),Chaetodon lunulatus,Chaetodontidae,Chaetodon,Chordata,NA,NA,NA,NA,NA,NA,,Black-band disease,BBD,,,,,,
Nicolet et al. 2018 (MEPS),Chaetodon rainfordi,Chaetodontidae,Chaetodon,Chordata,NA,NA,NA,NA,NA,NA,,Black-band disease,BBD,,,,,,
Nicolet et al. 2018 (MEPS),Chaetodon aureofasciatus,Chaetodontidae,Chaetodon,Chordata,NA,NA,NA,NA,NA,NA,,Black-band disease,BBD,,,,,,
Nicolet et al. 2018 (MEPS),Chaetodon baronessa,Chaetodontidae,Chaetodon,Chordata,NA,NA,NA,NA,NA,NA,,Black-band disease,BBD,,,,,,
Nicolet et al. 2018 (MEPS),Chaetodon trifascialis,Chaetodontidae,Chaetodon,Chordata,NA,NA,NA,NA,NA,NA,,Black-band disease,BBD,,,,,,
Nicolet et al. 2018 (MEPS),Labrichthys unilineatus,Labridae,Labrichthys,Chordata,NA,NA,NA,NA,NA,NA,,Black-band disease,BBD,,,,,,
Nicolet et al. 2018 (MEPS),Oxymonacanthus longirostris,Monacanthidae,Oxymonacanthus,Chordata,NA,NA,NA,NA,NA,NA,,Black-band disease,BBD,,,,,,
Nicolet et al. 2018 (MEPS),Pomacentrus amboinensis,Pomacentridae,Pomacentrus,Chordata,NA,NA,NA,NA,NA,NA,,Black-band disease,BBD,,,,,,
Nicolet et al. 2018 (MEPS),Pomacentrus grammorhynchus,Pomacentridae,Pomacentrus,Chordata,NA,NA,NA,NA,NA,NA,,Black-band disease,BBD,,Acropora muricata,"Lizard Island, Australia",,,
Sutherland et al. 2010 (Env Microbio),Coralliophila abbreviata,Muricidae,Coralliophila,Mollusca,NA,NA,NA,NA,NA,NA,,White pox/Acroporid serratiosis (APS),White,Did not find Serratia marcenscens in parrotfish or fireworms--just C. abbreviata,Acropora palmata,Florida Keys,,,
Page and Willis 2008,Wounding,Wounding,NA,NA,Wounding,Wounding,0,90,0,90,"Although ciliates colonized wounds, they didn't persist/turn into tissue loss so I didn’t count it",Skeletal eroding band,SEB,,"Acropora muricata, Pocillopora damicornis, and Porites cylindrica","Great Barrier Reef, 18 sites",,,
Nugues and Bak 2009,Acanthaster planci,Acanthasteridae,Acanthaster,Echinodermata,Corallivore_noinfection,Corallivore_noManip,5,8,0,4,,Brown band disease,BrB,,Acropora cytherea,"Derawan Island, Indonesia",,,
Jordán-Garza and Jordán-Dahlgren 2011,Wounding,Wounding,,,Wounding,Wounding,0,60,0,60,,Caribbean yellow-band syndrome,CYBS,,Montastraea faveolata,"Yucatán, Mexico",,,
Pollock et al. 2013,Cymo melanodactylus,Xanthidae,Cymo,Arthropoda,NA,NA,NA,NA,NA,NA,Lesion progression rates rather than diseased/not,White syndrome,White,"Correlation includes there just being more crabs on infected corals! But, it's abundance not bites (that's direct lesion feeding)",Acropora hyacinthus,"Lizard Island, Australia",,,
Katz et al. 2014,Acanthaster planci,Acanthasteridae,,,Corallivore_noinfection,Corallivore_noManip,0,0,0,9,Said didn't see any distinctive BrB ciliates in COTS predation + no ciliates,,,,,,,,
Katz et al. 2014,Acanthaster planci,Acanthasteridae,Acanthaster,Echinodermata,Corallivore_waterincoluation,Corallivore_inoculation,9,9,0,9,Didn't include wounding portion because (1) mimicked storm damage/fragmentation and (2) didn't report # of fragments that sucumbed ,Brown band disease,BrB,,Acropora hyacinthus,"Lizard Island, Australia",,,
Miller et al. 2014 (MEPS),Hermodice carunculata,Amphinomidae,Hermodice,Annelida,Corallivore_noinfection,Corallivore_noManip,17,81,10,469,,"Unknown--""tissue loss associated with disease--described in Miller et al. 2014)",White,"Whether this was ""experimental"" or ""correlation"" is fuzzy but I think it's more experimental because there are controls, etc.",Acropora cervicornis,Florida Keys,,,
Randall et al. 2016,Wounding_inoculation,Wounding_inoculation,NA,NA,Wounding_inoculation,Wounding_inoculation,0,3,0,3,"Wasn’t ""inoculation"" exactly, but pushed a diseased coral up in a wounded one for 13 hours ""to facilitate potential pathogen transmission"" which I think is sufficient",Dark spot syndrome,DSS,,Siderastrea siderea,Florida Keys,,,
Raymundo et al. 2016,Coralliophila violacea,Muricidae,Coralliophila,Mollusca,NA,NA,NA,NA,NA,NA,Couldn't include because no controls!! Otherwise would have been really cool,White syndrome-like,White,,Porites spp.,Guam,,,
Shaver et al. 2017,Coralliophila abbreviata,Muricidae,Coralliophila,Mollusca,Corallivore_noinfection,Corallivore_noManip,6,20,0,20,"Said they observed white symptoms on all corals that suffered full mortality so those are the ones we'll count as diseased. Results were confusing, but I think the critical part is that n = 11 snail addition (40 total) corals died, which included n = 5 from snail + nutrient and n = 6 from snail only",Unknown (rapid tissue loss syndrome?),White,,Acropora cervicornis,Florida Keys,,,
Wright et al. 2017,NA,NA,NA,NA,NA,NA,NA,NA,NA,NA,,NA,NA,,Acropora millepora,Great Barrier Reef,,,
"Beurmann et al., 2017 (Diseases of Aquatic Organisms: Assessment of disease lesion removal as a method to control chronic Montipora white syndrome)",NA,NA,NA,NA,NA,NA,NA,NA,NA,NA,"Removed lesions, didn't simulate wounding",NA,NA,,Montipora capitata,"Kane'ohe Bay, Hawai'i",,,
Williams 2013,NA,NA,NA,NA,NA,NA,NA,NA,NA,NA,"Removed GAs, didn't simulate wounding",NA,NA,,Montipora efflorescens and Acropora acuminata,Palmyra Atoll,,,
Bettarel et al. 2018 (ISME),Drupella rugosa,Muricidae,Drupella,Mollusca,NA,NA,NA,NA,NA,NA,Microbial communities rather than disease symptoms,Microbiome shift,Microbiome,Increased viral abundance and shifted the community to more pathogenic taxa and reduced healthy taxa; not included as experimental because it's a snapshot ,Acropora formosa and Acropora millepora,Vietnam (Bay of Van Phong),,,
Antonius and Riegl 1997 (Atoll Research Bulletin),Drupella cornus,Muricidae,Drupella,Mollusca,NA,NA,NA,NA,NA,NA,Observational,Disease generally,General,,Acropora hemprichi,"Sharm el Sheikh region, Red Sea",,,
Grober-Dunsmore et al. 2006,Damselfishes (Stegastes spp. or Microspathodon chrysurus),Pomacentridae,Stegastes/Microspathodon,Chordata,NA,NA,NA,NA,NA,NA,Observational,Likely white pox,White,Say relationship with C. abbreviata was marginal so didn't include,Acropora palmata,"St. John, USVI",,,
Grober-Dunsmore et al. 2006,Coralliophila abbreviata,Muricidae,Coralliophila,Mollusca,NA,NA,NA,NA,NA,NA,Observational,Likely white pox,White,,,,,,
Grober-Dunsmore et al. 2006,Hermodice carunculata,Amphinomidae,Hermodice,Annelida,NA,NA,NA,NA,NA,NA,Observational,Likely white pox,White,,,,,,
Raymundo et al. 2009,Chaetodontidae,Chaetodontidae,Chaetodontidae,Chordata,NA,NA,NA,NA,NA,NA,Observational,Disease generally,General,Included just the family because that's how they grouped them for analysis,All corals,Philippines and the GBR,,,
Raymundo et al. 2009,Acanthuridae,Acanthuridae,Acanthuridae,Chordata,NA,NA,NA,NA,NA,NA,Observational,Disease generally,,,,,,,
Raymundo et al. 2009,Anthiinae,Anthiinae,Anthiinae,Chordata,NA,NA,NA,NA,NA,NA,Observational,Disease generally,,,,,,,
Raymundo et al. 2009,Balistidae,Balistidae,Balistidae,Chordata,NA,NA,NA,NA,NA,NA,Observational,Disease generally,,,,,,,
Raymundo et al. 2009,Carangidae,Carangidae,Carangidae,Chordata,NA,NA,NA,NA,NA,NA,Observational,Disease generally,,,,,,,
Raymundo et al. 2009,Epinephilinae,Epinephilinae,Epinephilinae,Chordata,NA,NA,NA,NA,NA,NA,Observational,Disease generally,,,,,,,
Raymundo et al. 2009,Labridae,Labridae,Labridae,Chordata,NA,NA,NA,NA,NA,NA,Observational,Disease generally,,,,,,,
Raymundo et al. 2009,Pomacentridae,Pomacentridae,Pomacentridae,Chordata,NA,NA,NA,NA,NA,NA,Observational,Disease generally,,,,,,,
Raymundo et al. 2009,Scaridae,Scaridae,Scaridae,Chordata,NA,NA,NA,NA,NA,NA,Observational,Disease generally,,,,,,,
Raymundo et al. 2009,Lutjanidae,Lutjanidae,Lutjanidae,Chordata,NA,NA,NA,NA,NA,NA,Observational,Disease generally,,,,,,,
"Williams et al. 2010 (PLoS One, Modeling)",Chaetodontidae,Chaetodontidae,Chaetodontidae,Chordata,NA,NA,NA,NA,NA,NA,Observational,Porites tissue loss,White,Not sure if butterflyfish/parrotfish should be included as No correlation here--there might still be a correlation but they weren't selected for in the best models,,,,,
"Williams et al. 2010 (PLoS One, Modeling)",Parrotfish,Scaridae,Parrotfish,Chordata,NA,NA,NA,NA,NA,NA,Observational,Montipora white syndrome,White,,,,,,
"Williams et al. 2010 (PLoS One, Modeling)",Chaetodontidae,Chaetodontidae,Chaetodontidae,Chordata,NA,NA,NA,NA,NA,NA,Observational,Trematodiasis,Trematodiasis,,,,,,
"Williams et al. 2010 (PLoS One, Modeling)",Parrotfish,Scaridae,Parrotfish,Chordata,NA,NA,NA,NA,NA,NA,Observational,Growth anomalies,GA,,Porites and Montipora spp.,Hawai'i,,,
Onton et al. 2011,Drupella spp.,Muricidae,Drupella,Mollusca,NA,NA,NA,NA,NA,NA,Observational,Disease generally,General,,,,,,
Onton et al. 2011,Drupella spp.,Muricidae,Drupella,Mollusca,NA,NA,NA,NA,NA,NA,Observational,Skeletal eroding band,SEB,,,,,,
Onton et al. 2011,Drupella spp.,Muricidae,Drupella,Mollusca,NA,NA,NA,NA,NA,NA,Observational,Black-band disease,BBD,,,,,,
Onton et al. 2011,Drupella spp.,Muricidae,Drupella,Mollusca,NA,NA,NA,NA,NA,NA,Observational,Cyanobacterial bands (OtCy),Cyanobacterial,,All corals,"Ningaloo Reef, Australia",,,
McIlwain and Jones 1997,Labrichthys unilineatus,Labridae,Labrichthys,Chordata,NA,NA,NA,NA,NA,NA,Feeding on disease fronts,Disease generally,General,,All corals,"Lizard Island, Australia",,,
Aeby 1991 (Pacific Science),Chaetodon multicinctus,Chaetodontidae,Chaetodon,Chordata,NA,NA,NA,NA,NA,NA,"Didn't include counts of corals that were infected--just mean number of cysts, which isn't the same",Trematodiasis,Trematodiasis,"Very, very similar to Aeby 1992, but with different numbers, which makes me think they are different? Maybe the experiment was repeated?",Porites compressa,"Kaneohe Bay, Oahu, Hawai'i",Chordata,Negatively related; Direct lesion feeding,Trematodiasis
Miller and Williams 2007,Hermodice carunculata,Amphinomidae,Hermodice,Annelida,NA,NA,NA,NA,NA,NA,Observational,"White disease', likely white plague",White,Didn't include as a correlation because didn't actually analyze it,All corals,"Navassa Island, Caribbean",,,
Cole et al. 2009,Chaetodon baronessa,Chaetodontidae,Chaetodon,Chordata,NA,NA,NA,NA,NA,NA,"Doesn't have # infected/non-infected corals. Would be an interesting one if we decide to do disease progression, though",Black-band disease,BBD,,,,,,
Cole et al. 2009,Chaetodon aureofasciatus,Chaetodontidae,Chaetodon,Chordata,NA,NA,NA,NA,NA,NA,"Doesn't have # infected/non-infected corals. Would be an interesting one if we decide to do disease progression, though",Black-band disease,BBD,,,,,,
Cole et al. 2009,Chaetodon plebius,Chaetodontidae,Chaetodon,Chordata,NA,NA,NA,NA,NA,NA,"Doesn't have # infected/non-infected corals. Would be an interesting one if we decide to do disease progression, though",Black-band disease,BBD,,,,,,
Cole et al. 2009,Chaetodon rainfordi,Chaetodontidae,Chaetodon,Chordata,NA,NA,NA,NA,NA,NA,"Doesn't have # infected/non-infected corals. Would be an interesting one if we decide to do disease progression, though",Black-band disease,BBD,,,,,,
Cole et al. 2009,Chaetodon lunulatus,Chaetodontidae,Chaetodon,Chordata,NA,NA,NA,NA,NA,NA,"Doesn't have # infected/non-infected corals. Would be an interesting one if we decide to do disease progression, though",Black-band disease,BBD,,,,,,
Cole et al. 2009,Labrichthys unilineatus,Labridae,Labrichthys,Chordata,NA,NA,NA,NA,NA,NA,"Doesn't have # infected/non-infected corals. Would be an interesting one if we decide to do disease progression, though",Black-band disease,BBD,,Acropora muricata,"Lizard Island, Australia",,,
Chong-Seng et al. 2011,Labrichthys unilineatus,Labridae,Labrichthys,Chordata,NA,NA,NA,NA,NA,NA,Observational,Black-band disease,BBD,,,,,,
Chong-Seng et al. 2011,Chaetodon aureofasciatus,Chaetodontidae,Chaetodon,Chordata,NA,NA,NA,NA,NA,NA,Observational,Black-band disease,BBD,,,,,,
Chong-Seng et al. 2011,Chaetodon aureofasciatus,Chaetodontidae,Chaetodon,Chordata,NA,NA,NA,NA,NA,NA,Observational,Brown band disease,BrB,,,,,,
Chong-Seng et al. 2011,Chaetodon baronessa,Chaetodontidae,Chaetodon,Chordata,NA,NA,NA,NA,NA,NA,Observational,Black-band disease,BBD,,,,,,
Chong-Seng et al. 2011,Chaetodon baronessa,Chaetodontidae,Chaetodon,Chordata,NA,NA,NA,NA,NA,NA,Observational,Brown band disease,BrB,,,,,,
Chong-Seng et al. 2011,Chaetodon lunulatus,Chaetodontidae,Chaetodon,Chordata,NA,NA,NA,NA,NA,NA,Observational,Black-band disease,BBD,,,,,,
Chong-Seng et al. 2011,Chaetodon lunulatus,Chaetodontidae,Chaetodon,Chordata,NA,NA,NA,NA,NA,NA,Observational,Brown band disease,BrB,,,,,,
Chong-Seng et al. 2011,Chaetodon rainfordi,Chaetodontidae,Chaetodon,Chordata,NA,NA,NA,NA,NA,NA,Observational,Brown band disease,BrB,,,,,,
Chong-Seng et al. 2011,Chaetodon trifascialis,Chaetodontidae,Chaetodon,Chordata,NA,NA,NA,NA,NA,NA,Observational,Black-band disease,BBD,,,,,,
Chong-Seng et al. 2011,Cheiloprion labiatus,Pomacentridae,Cheiloprion,Chordata,NA,NA,NA,NA,NA,NA,Observational,Brown band disease,BrB,,,,,,
Chong-Seng et al. 2011,Chaetodon citrinellus,Chaetodontidae,Chaetodon,Chordata,NA,NA,NA,NA,NA,NA,Observational,Black-band disease,BBD,,,,,,
Chong-Seng et al. 2011,Chaetodon klenii,Chaetodontidae,Chaetodon,Chordata,NA,NA,NA,NA,NA,NA,Observational,Black-band disease,BBD,,,,,,
Chong-Seng et al. 2011,Neoglyphidodon melas,Pomacentridae,Neoglyphidodon,Chordata,NA,NA,NA,NA,NA,NA,Observational,Black-band disease,BBD,,,,,,
Chong-Seng et al. 2011,Dischistodus melanotus,Pomacentridae,Dischistodus,Chordata,NA,NA,NA,NA,NA,NA,Observational,Black-band disease,BBD,"Termed ""non-corallivores""",,,,,
Chong-Seng et al. 2011,Pomacentrus amboinensis,Pomacentridae,Pomacentrus,Chordata,NA,NA,NA,NA,NA,NA,Observational,Black-band disease,BBD,"Termed ""non-corallivores""",,,,,
Chong-Seng et al. 2011,Pomacentrus chrysurus,Pomacentridae,Pomacentrus,Chordata,NA,NA,NA,NA,NA,NA,Observational,Black-band disease,BBD,"Termed ""non-corallivores""",,,,,
Chong-Seng et al. 2011,Pomacentrus moluccensis,Pomacentridae,Pomacentrus,Chordata,NA,NA,NA,NA,NA,NA,Observational,Brown band disease,BrB,"Termed ""non-corallivores""",,,,,
Chong-Seng et al. 2011,Pomacentrus wardi,Pomacentridae,Pomacentrus,Chordata,NA,NA,NA,NA,NA,NA,Observational,Black-band disease,BBD,"Termed ""non-corallivores""",,,,,
Chong-Seng et al. 2011,Pomacentrus wardi,Pomacentridae,Pomacentrus,Chordata,NA,NA,NA,NA,NA,NA,Observational,Brown band disease,BrB,"Termed ""non-corallivores""",,,,,
Chong-Seng et al. 2011,Stegastes apicalis,Pomacentridae,Stegastes,Chordata,NA,NA,NA,NA,NA,NA,Observational,Brown band disease,BrB,"Termed ""non-corallivores""",,,,,
Chong-Seng et al. 2011,Stegastes nigricans,Pomacentridae,Stegastes,Chordata,NA,NA,NA,NA,NA,NA,Observational,Brown band disease,BrB,"Termed ""non-corallivores""",,,,,
Chong-Seng et al. 2011,Gomphosus varius,Labridae,Gomphosus,Chordata,NA,NA,NA,NA,NA,NA,Observational,Brown band disease,BrB,"Termed ""non-corallivores""",,,,,
Chong-Seng et al. 2011,Parrotfish,Scaridae,Parrotfish,Chordata,NA,NA,NA,NA,NA,NA,Observational,Brown band disease,BrB,"Termed ""non-corallivores""",Acropora spp.,"Lizard Island, Australia",,,
Pratchett et al. 2010,Cymo melanodactylus,Xanthidae,Cymo,Arthropoda,NA,NA,NA,NA,NA,NA,Observational,Recent tissue loss--maybe a white syndrome?,White,"Not necessarily increasing disease here, but more crabs where there are more decaying corals",Acropora cytherea,Chagos archipelago,,,
Wolf and Nugues 2013 (Ecology),Hermodice carunculata,Amphinomidae,Hermodice,Annelida,NA,NA,NA,NA,NA,NA,No data of fireworm vs. no fireworm for white disease,White plague,White,No effect of C. abbreviata ,"Montastraea faveolata; S. sidera in the field (negative relationship between fireworm abundance and tissue condition--not examined in the lab); surveyed: M. faveolata, Montastraea cavernosa, Siderastrea siderea, Colpophyllia natans, Diploria strigos",Curaçao,,,
Wolf and Nugues 2013 (Ecology),Coralliophila abbreviata,Muricidae,Coralliophila,Mollusca,NA,NA,NA,NA,NA,NA,No data of fireworm vs. no fireworm for white disease,White plague,White,C. abbreviata did not have the same effect--see Fig.3,,,,,
Zaneveld et al. 2016,Parrotfish,Scaridae,Parrotfish,Chordata,NA,NA,NA,NA,NA,NA,Microbial communities rather than disease symptoms,Microbiome shift,Microbiome,Increased bacterial opportunism when predation combined with nutrient pollution,Porites (also looked at other corals but just Porites-parrotfish part they discuss in terms of predation-microbiome),Florida Keys,,,
van de Water et al. 2015 (Molecular Ecology),NA,NA,NA,NA,NA,NA,NA,NA,NA,NA,Microbial communities rather than disease symptoms,NA,NA,,Acropora aspera,"Heron Island, GBR",,,
Soyoka and Nadaoka 2020,Drupella spp.,Muricidae,Drupella,Mollusca,NA,NA,NA,NA,NA,NA,Observational,White syndrome,White,,,,,,
Soyoka and Nadaoka 2020,Drupella spp.,Muricidae,Drupella,Mollusca,NA,NA,NA,NA,NA,NA,Observational,Growth anomolies,GA,,All corals,Southwestern Japan,,,
Maher et al. 2019,NA,NA,NA,NA,NA,NA,NA,NA,NA,NA,Microbial communities rather than disease symptoms,NA,NA,,Pocillopora meandrina,"Mo'orea, French Polynesia",,,
Scott et al. 2017,NA,NA,NA,NA,NA,NA,NA,NA,NA,NA,Observational,NA,NA,No effect of either corallivore,All corals,"Koh Tao, Thailand",,,
Ezzat et al. 2020,Chlorurus spilurus,Scaridae,Chlorurus,Chordata,NA,NA,NA,NA,NA,NA,Microbial communities rather than disease symptoms,Microbiome shift,Microbiome,Shifted microbiome in a distinct way from wounding,Porites lobata,"Mo'orea, French Polynesia",,,
Ezzat et al. 2019,Ctenochaetus striatus,Acanthuridae,Ctenochaetus,Chordata,NA,NA,NA,NA,NA,NA,Microbial communities rather than disease symptoms,Microbiome shift,Microbiome,Feaces increased bacterial opportunism when wounded,Porites lobata,"Mo'orea, French Polynesia",,,
Bright et al. 2015,NA,NA,NA,NA,NA,NA,NA,NA,NA,NA,"Looked at snails attracted to diseased corals, rather than corals getting diseased by snails",NA,NA,Not about corallivore effect on disease exactly,Acropora cervicornis,Florida,,,
Bright et al. 2016,Coralliophila abbreviata,Muricidae,Coralliophila,Mollusca,NA,NA,NA,NA,NA,NA,Observational,"White pox disease, white band disease",White,Snails attracted to diseased corals in a y-maze,Acropora palmata,USVI (St. John and St. Thomas),,,
Nagelkerken et al. 1997,Cyphoma gibbosum,Ovulidae,Cyphoma,Mollusca,NA,NA,NA,NA,NA,NA,Observational,Aspergillosis,Aspergillosis,,Octocorals: Gorgonia ventalina and G. flabellum,"San Salvador, British VI, Key West, Jamaica, Puerto Rico, Saba, and Trinidad",,,
Slattery 1999,Thalassoma bifasciatum,Labridae,Thalassoma,Chordata,NA,NA,NA,NA,NA,NA,No measure of corallivore effect on coral disease,Aspergillosis,Aspergillosis,Didn't include Cyphoma gibbosum because they don't say explicitly that it was found on the disease margin,Gorgonia ventalina,Belize,,,
Slattery 1999,Chaetodontidae,Chaetodontidae,Chaetodontidae,Chordata,NA,NA,NA,NA,NA,NA,No measure of corallivore effect on coral disease,Aspergillosis,Aspergillosis,,,,,,
Slattery 1999,Cyphoma gibbosum,Ovulidae,Cyphoma,Mollusca,NA,NA,NA,NA,NA,NA,No measure of corallivore effect on coral disease,Aspergillosis,Aspergillosis,More grazing scars on diseased sea fans (authors suggest it's because there are weakened defenses in the infected coral so easier to eat),,,,,
Slattery et al. 2013 (Coral Reefs),Chaetodontidae (NO SPECIFIC SPP OBSERVED),Chaetodontidae,Chaetodontidae,Chordata,NA,NA,NA,NA,NA,NA,No measure of corallivore effect on coral disease,Sinularia Tissue Loss Disease,Sinularia TLD,"Feeding scars increased on diseased corals ( not that more predation = more disease, but that more disease = more predation, but still a positive relationship so included here). No specific species though! ","Sinularia soft corals (S. maxima, S. polydactyla, and a hybrid)",Guam,,,
Moreira et al. 2013 (Current Microbiology),Hermodice carunculata,Amphinomidae,Hermodice,Annelida,NA,NA,NA,NA,NA,NA,Observational,Bleaching,Bleaching,Not included as a reservoir because none of the pathogens inside the worms were implicated in disease,Madracis decactis,"St. Peter and St. Paul Archipelago, Mid-Atlantic Ridge, Brazil",,,
Ross 2014 (Revista de Biologia Tropical),Hermodice carunculata,Amphinomidae,Hermodice,Annelida,NA,NA,NA,NA,NA,NA,"Don't include right numbers (i.e. how many were bitten, controls, how many that were bitten developed disease, etc.)",NA,NA,No significant effect between disease and fireworms,Acropora cervicornis,"Montego Bay, Jamaica",,,
Shirur et al. 2016 (Mar Biol),NA,NA,NA,NA,NA,NA,NA,NA,NA,NA,Microbial communities rather than disease symptoms,NA,NA,Wounding,Gorgonians: Eunicea flexuosa and Pseudoplexaura porosa,"Puerto Morelos, Mexico",,,
Ranith et al. 2017 (Marine Ecology),Parrotfish (scars),Scaridae,Parrotfish,Chordata,NA,NA,NA,NA,NA,NA,Observational,Black-band disease,BBD,,All corals,"Lakshadweep, Arabian Sea (200km from India)",,,
Vermeij et al. 2015 MEPS,Stegastes planifrons,Pomacentridae,Stegastes,Chordata,NA,NA,NA,NA,NA,NA,Observational,General disease (lots of YBD),General,,Orbicella species complex,Bonaire,,,
Martin et al. 2018,Chaetodontidae,Chaetodontidae,Chaetodontidae,Chordata,NA,NA,NA,NA,NA,NA,Observational,Trematodiasis,Trematodiasis,Described trematodes in parrotfish,"NA (or, well, would be Porites?)",French Polynesia and Hawaii,,,
Kellogg et al. 2017 (Bull Mar Scie),Acanthurus leucopareius,Acanthuridae,Acanthurus,Chordata,NA,NA,NA,NA,NA,NA,Observational,Black-band disease,BBD,,Montipora patula,"Kauai, Hawai'i",,,
Casey et al. 2014,Stegastes nigricans,Pomacentridae,Stegastes,Chordata,NA,NA,NA,NA,NA,NA,Observational,Black-band disease,BBD,,,,,,
Casey et al. 2014,Stegastes apicalis,Pomacentridae,Stegastes,Chordata,NA,NA,NA,NA,NA,NA,Observational,Black-band disease,BBD,,Acropora muricata,"Lizard Island, Australia",,,
Willis et al. 2004,NA,NA,NA,NA,NA,NA,NA,NA,NA,NA,Observational,NA,NA,No relationship observed,All corals,Great Barrier Reef,,,